id,type,parent_id,schema,name,parent_name,datatype,constraints,text_sequence,label_linkability
entity_44,table,entity_43,OC-ORACLE,CUSTOMERS,,,,"CUSTOMERS [CUSTOMER_ID, EMAIL_ADDRESS, FULL_NAME]",True
entity_45,attribute,entity_44,OC-ORACLE,CUSTOMER_ID,CUSTOMERS,NUMBER,PRIMARY KEY,CUSTOMER_ID CUSTOMERS NUMBER PRIMARY KEY,True
entity_46,attribute,entity_44,OC-ORACLE,EMAIL_ADDRESS,CUSTOMERS,VARCHAR2,,EMAIL_ADDRESS CUSTOMERS VARCHAR2,True
entity_47,attribute,entity_44,OC-ORACLE,FULL_NAME,CUSTOMERS,VARCHAR2,,FULL_NAME CUSTOMERS VARCHAR2,True
entity_48,table,entity_43,OC-ORACLE,INVENTORY,,,,"INVENTORY [INVENTORY_ID, STORE_ID, PRODUCT_ID, PRODUCT_INVENTORY]",True
entity_49,attribute,entity_48,OC-ORACLE,INVENTORY_ID,INVENTORY,NUMBER,PRIMARY KEY,INVENTORY_ID INVENTORY NUMBER PRIMARY KEY,False
entity_50,attribute,entity_48,OC-ORACLE,STORE_ID,INVENTORY,NUMBER,FOREIGN KEY,STORE_ID INVENTORY NUMBER FOREIGN KEY,False
entity_51,attribute,entity_48,OC-ORACLE,PRODUCT_ID,INVENTORY,NUMBER,FOREIGN KEY,PRODUCT_ID INVENTORY NUMBER FOREIGN KEY,True
entity_52,attribute,entity_48,OC-ORACLE,PRODUCT_INVENTORY,INVENTORY,NUMBER,,PRODUCT_INVENTORY INVENTORY NUMBER,True
entity_53,table,entity_43,OC-ORACLE,ORDER_ITEMS,,,,"ORDER_ITEMS [ORDER_ID, LINE_ITEM_ID, PRODUCT_ID, UNIT_PRICE, QUANTITY, SHIPMENT_ID]",True
entity_54,attribute,entity_53,OC-ORACLE,ORDER_ID,ORDER_ITEMS,NUMBER,PRIMARY KEY,ORDER_ID ORDER_ITEMS NUMBER PRIMARY KEY,True
entity_55,attribute,entity_53,OC-ORACLE,LINE_ITEM_ID,ORDER_ITEMS,NUMBER,PRIMARY KEY,LINE_ITEM_ID ORDER_ITEMS NUMBER PRIMARY KEY,True
entity_56,attribute,entity_53,OC-ORACLE,PRODUCT_ID,ORDER_ITEMS,NUMBER,FOREIGN KEY,PRODUCT_ID ORDER_ITEMS NUMBER FOREIGN KEY,True
entity_57,attribute,entity_53,OC-ORACLE,UNIT_PRICE,ORDER_ITEMS,FLOAT,,UNIT_PRICE ORDER_ITEMS FLOAT,True
entity_58,attribute,entity_53,OC-ORACLE,QUANTITY,ORDER_ITEMS,NUMBER,,QUANTITY ORDER_ITEMS NUMBER,True
entity_59,attribute,entity_53,OC-ORACLE,SHIPMENT_ID,ORDER_ITEMS,FLOAT,FOREIGN KEY,SHIPMENT_ID ORDER_ITEMS FLOAT FOREIGN KEY,False
entity_60,table,entity_43,OC-ORACLE,ORDERS,,,,"ORDERS [ORDER_ID, ORDER_DATETIME, CUSTOMER_ID, ORDER_STATUS, STORE_ID]",True
entity_61,attribute,entity_60,OC-ORACLE,ORDER_ID,ORDERS,NUMBER,PRIMARY KEY,ORDER_ID ORDERS NUMBER PRIMARY KEY,True
entity_62,attribute,entity_60,OC-ORACLE,ORDER_DATETIME,ORDERS,DATE,,ORDER_DATETIME ORDERS DATE,True
entity_63,attribute,entity_60,OC-ORACLE,CUSTOMER_ID,ORDERS,NUMBER,FOREIGN KEY,CUSTOMER_ID ORDERS NUMBER FOREIGN KEY,True
entity_64,attribute,entity_60,OC-ORACLE,ORDER_STATUS,ORDERS,VARCHAR2,,ORDER_STATUS ORDERS VARCHAR2,True
entity_65,attribute,entity_60,OC-ORACLE,STORE_ID,ORDERS,NUMBER,FOREIGN KEY,STORE_ID ORDERS NUMBER FOREIGN KEY,False
entity_66,table,entity_43,OC-ORACLE,PRODUCTS,,,,"PRODUCTS [PRODUCT_ID, PRODUCT_NAME, UNIT_PRICE, PRODUCT_DETAILS, PRODUCT_IMAGE, IMAGE_MIME_TYPE, IMAGE_FILENAME, IMAGE_CHARSET, IMAGE_LAST_UPDATED]",True
entity_67,attribute,entity_66,OC-ORACLE,PRODUCT_ID,PRODUCTS,NUMBER,PRIMARY KEY,PRODUCT_ID PRODUCTS NUMBER PRIMARY KEY,True
entity_68,attribute,entity_66,OC-ORACLE,PRODUCT_NAME,PRODUCTS,VARCHAR2,,PRODUCT_NAME PRODUCTS VARCHAR2,True
entity_69,attribute,entity_66,OC-ORACLE,UNIT_PRICE,PRODUCTS,FLOAT,,UNIT_PRICE PRODUCTS FLOAT,True
entity_70,attribute,entity_66,OC-ORACLE,PRODUCT_DETAILS,PRODUCTS,BLOB,,PRODUCT_DETAILS PRODUCTS BLOB,True
entity_71,attribute,entity_66,OC-ORACLE,PRODUCT_IMAGE,PRODUCTS,BLOB,,PRODUCT_IMAGE PRODUCTS BLOB,True
entity_72,attribute,entity_66,OC-ORACLE,IMAGE_MIME_TYPE,PRODUCTS,BLOB,,IMAGE_MIME_TYPE PRODUCTS BLOB,False
entity_73,attribute,entity_66,OC-ORACLE,IMAGE_FILENAME,PRODUCTS,BLOB,,IMAGE_FILENAME PRODUCTS BLOB,False
entity_74,attribute,entity_66,OC-ORACLE,IMAGE_CHARSET,PRODUCTS,BLOB,,IMAGE_CHARSET PRODUCTS BLOB,False
entity_75,attribute,entity_66,OC-ORACLE,IMAGE_LAST_UPDATED,PRODUCTS,DATE,,IMAGE_LAST_UPDATED PRODUCTS DATE,False
entity_76,table,entity_43,OC-ORACLE,SHIPMENTS,,,,"SHIPMENTS [SHIPMENT_ID, STORE_ID, CUSTOMER_ID, DELIVERY_ADDRESS, SHIPMENT_STATUS]",True
entity_77,attribute,entity_76,OC-ORACLE,SHIPMENT_ID,SHIPMENTS,NUMBER,PRIMARY KEY,SHIPMENT_ID SHIPMENTS NUMBER PRIMARY KEY,False
entity_78,attribute,entity_76,OC-ORACLE,STORE_ID,SHIPMENTS,NUMBER,FOREIGN KEY,STORE_ID SHIPMENTS NUMBER FOREIGN KEY,False
entity_79,attribute,entity_76,OC-ORACLE,CUSTOMER_ID,SHIPMENTS,NUMBER,FOREIGN KEY,CUSTOMER_ID SHIPMENTS NUMBER FOREIGN KEY,True
entity_80,attribute,entity_76,OC-ORACLE,DELIVERY_ADDRESS,SHIPMENTS,VARCHAR2,,DELIVERY_ADDRESS SHIPMENTS VARCHAR2,True
entity_81,attribute,entity_76,OC-ORACLE,SHIPMENT_STATUS,SHIPMENTS,VARCHAR2,,SHIPMENT_STATUS SHIPMENTS VARCHAR2,False
entity_82,table,entity_43,OC-ORACLE,STORES,,,,"STORES [STORE_ID, STORE_NAME, WEB_ADDRESS, PHYSICAL_ADDRESS, LATITUDE, LONGITUDE, LOGO, LOGO_MIME_TYPE, LOGO_FILENAME, LOGO_CHARSET, LOGO_LAST_UPDATED]",False
entity_83,attribute,entity_82,OC-ORACLE,STORE_ID,STORES,NUMBER,PRIMARY KEY,STORE_ID STORES NUMBER PRIMARY KEY,False
entity_84,attribute,entity_82,OC-ORACLE,STORE_NAME,STORES,VARCHAR2,,STORE_NAME STORES VARCHAR2,False
entity_85,attribute,entity_82,OC-ORACLE,WEB_ADDRESS,STORES,VARCHAR2,,WEB_ADDRESS STORES VARCHAR2,False
entity_86,attribute,entity_82,OC-ORACLE,PHYSICAL_ADDRESS,STORES,VARCHAR2,,PHYSICAL_ADDRESS STORES VARCHAR2,False
entity_87,attribute,entity_82,OC-ORACLE,LATITUDE,STORES,FLOAT,,LATITUDE STORES FLOAT,False
entity_88,attribute,entity_82,OC-ORACLE,LONGITUDE,STORES,FLOAT,,LONGITUDE STORES FLOAT,False
entity_89,attribute,entity_82,OC-ORACLE,LOGO,STORES,BLOB,,LOGO STORES BLOB,False
entity_90,attribute,entity_82,OC-ORACLE,LOGO_MIME_TYPE,STORES,VARCHAR2,,LOGO_MIME_TYPE STORES VARCHAR2,False
entity_91,attribute,entity_82,OC-ORACLE,LOGO_FILENAME,STORES,VARCHAR2,,LOGO_FILENAME STORES VARCHAR2,False
entity_92,attribute,entity_82,OC-ORACLE,LOGO_CHARSET,STORES,VARCHAR2,,LOGO_CHARSET STORES VARCHAR2,False
entity_93,attribute,entity_82,OC-ORACLE,LOGO_LAST_UPDATED,STORES,DATE,,LOGO_LAST_UPDATED STORES DATE,False
entity_95,table,entity_94,OC-MYSQL,CUSTOMERS,,,,"CUSTOMERS [CUSTOMERNUMBER, CUSTOMERNAME, CONTACTLASTNAME, CONTACTFIRSTNAME, PHONE, ADDRESSLINE1, ADDRESSLINE2, CITY, STATE, POSTALCODE, COUNTRY, SALESREPEMPLOYEENUMBER, CREDITLIMIT]",True
entity_96,attribute,entity_95,OC-MYSQL,CUSTOMERNUMBER,CUSTOMERS,NUMBER,PRIMARY KEY,CUSTOMERNUMBER CUSTOMERS NUMBER PRIMARY KEY,True
entity_97,attribute,entity_95,OC-MYSQL,CUSTOMERNAME,CUSTOMERS,VARCHAR2,,CUSTOMERNAME CUSTOMERS VARCHAR2,True
entity_98,attribute,entity_95,OC-MYSQL,CONTACTLASTNAME,CUSTOMERS,VARCHAR2,,CONTACTLASTNAME CUSTOMERS VARCHAR2,True
entity_99,attribute,entity_95,OC-MYSQL,CONTACTFIRSTNAME,CUSTOMERS,VARCHAR2,,CONTACTFIRSTNAME CUSTOMERS VARCHAR2,True
entity_100,attribute,entity_95,OC-MYSQL,PHONE,CUSTOMERS,VARCHAR2,,PHONE CUSTOMERS VARCHAR2,True
entity_101,attribute,entity_95,OC-MYSQL,ADDRESSLINE1,CUSTOMERS,VARCHAR2,,ADDRESSLINE1 CUSTOMERS VARCHAR2,True
entity_102,attribute,entity_95,OC-MYSQL,ADDRESSLINE2,CUSTOMERS,VARCHAR2,,ADDRESSLINE2 CUSTOMERS VARCHAR2,True
entity_103,attribute,entity_95,OC-MYSQL,CITY,CUSTOMERS,VARCHAR2,,CITY CUSTOMERS VARCHAR2,True
entity_104,attribute,entity_95,OC-MYSQL,STATE,CUSTOMERS,VARCHAR2,,STATE CUSTOMERS VARCHAR2,True
entity_105,attribute,entity_95,OC-MYSQL,POSTALCODE,CUSTOMERS,VARCHAR2,,POSTALCODE CUSTOMERS VARCHAR2,True
entity_106,attribute,entity_95,OC-MYSQL,COUNTRY,CUSTOMERS,VARCHAR2,,COUNTRY CUSTOMERS VARCHAR2,True
entity_107,attribute,entity_95,OC-MYSQL,SALESREPEMPLOYEENUMBER,CUSTOMERS,NUMBER,,SALESREPEMPLOYEENUMBER CUSTOMERS NUMBER,False
entity_108,attribute,entity_95,OC-MYSQL,CREDITLIMIT,CUSTOMERS,FLOAT,,CREDITLIMIT CUSTOMERS FLOAT,False
entity_109,table,entity_94,OC-MYSQL,EMPLOYEES,,,,"EMPLOYEES [EMPLOYEENUMBER, LASTNAME, FIRSTNAME, EXTENSION, EMAIL, OFFICECODE, REPORTSTO, JOBTITLE]",False
entity_110,attribute,entity_109,OC-MYSQL,EMPLOYEENUMBER,EMPLOYEES,NUMBER,PRIMARY KEY,EMPLOYEENUMBER EMPLOYEES NUMBER PRIMARY KEY,False
entity_111,attribute,entity_109,OC-MYSQL,LASTNAME,EMPLOYEES,VARCHAR2,,LASTNAME EMPLOYEES VARCHAR2,False
entity_112,attribute,entity_109,OC-MYSQL,FIRSTNAME,EMPLOYEES,VARCHAR2,,FIRSTNAME EMPLOYEES VARCHAR2,False
entity_113,attribute,entity_109,OC-MYSQL,EXTENSION,EMPLOYEES,VARCHAR2,,EXTENSION EMPLOYEES VARCHAR2,False
entity_114,attribute,entity_109,OC-MYSQL,EMAIL,EMPLOYEES,VARCHAR2,,EMAIL EMPLOYEES VARCHAR2,False
entity_115,attribute,entity_109,OC-MYSQL,OFFICECODE,EMPLOYEES,NUMBER,FOREIGN KEY,OFFICECODE EMPLOYEES NUMBER FOREIGN KEY,False
entity_116,attribute,entity_109,OC-MYSQL,REPORTSTO,EMPLOYEES,NUMBER,,REPORTSTO EMPLOYEES NUMBER,False
entity_117,attribute,entity_109,OC-MYSQL,JOBTITLE,EMPLOYEES,VARCHAR2,,JOBTITLE EMPLOYEES VARCHAR2,False
entity_118,table,entity_94,OC-MYSQL,OFFICES,,,,"OFFICES [OFFICECODE, CITY, PHONE, ADDRESSLINE1, ADDRESSLINE2, STATE, COUNTRY, POSTALCODE, TERRITORY]",False
entity_119,attribute,entity_118,OC-MYSQL,OFFICECODE,OFFICES,NUMBER,PRIMARY KEY,OFFICECODE OFFICES NUMBER PRIMARY KEY,False
entity_120,attribute,entity_118,OC-MYSQL,CITY,OFFICES,VARCHAR2,,CITY OFFICES VARCHAR2,False
entity_121,attribute,entity_118,OC-MYSQL,PHONE,OFFICES,VARCHAR2,,PHONE OFFICES VARCHAR2,False
entity_122,attribute,entity_118,OC-MYSQL,ADDRESSLINE1,OFFICES,VARCHAR2,,ADDRESSLINE1 OFFICES VARCHAR2,False
entity_123,attribute,entity_118,OC-MYSQL,ADDRESSLINE2,OFFICES,VARCHAR2,,ADDRESSLINE2 OFFICES VARCHAR2,False
entity_124,attribute,entity_118,OC-MYSQL,STATE,OFFICES,VARCHAR2,,STATE OFFICES VARCHAR2,False
entity_125,attribute,entity_118,OC-MYSQL,COUNTRY,OFFICES,VARCHAR2,,COUNTRY OFFICES VARCHAR2,False
entity_126,attribute,entity_118,OC-MYSQL,POSTALCODE,OFFICES,VARCHAR2,,POSTALCODE OFFICES VARCHAR2,False
entity_127,attribute,entity_118,OC-MYSQL,TERRITORY,OFFICES,VARCHAR2,,TERRITORY OFFICES VARCHAR2,False
entity_128,table,entity_94,OC-MYSQL,ORDERDETAILS,,,,"ORDERDETAILS [ORDERNUMBER, PRODUCTCODE, QUANTITYORDERED, PRICEEACH, ORDERLINENUMBER]",True
entity_129,attribute,entity_128,OC-MYSQL,ORDERNUMBER,ORDERDETAILS,NUMBER,PRIMARY KEY,ORDERNUMBER ORDERDETAILS NUMBER PRIMARY KEY,True
entity_130,attribute,entity_128,OC-MYSQL,PRODUCTCODE,ORDERDETAILS,VARCHAR2,PRIMARY KEY,PRODUCTCODE ORDERDETAILS VARCHAR2 PRIMARY KEY,True
entity_131,attribute,entity_128,OC-MYSQL,QUANTITYORDERED,ORDERDETAILS,NUMBER,,QUANTITYORDERED ORDERDETAILS NUMBER,True
entity_132,attribute,entity_128,OC-MYSQL,PRICEEACH,ORDERDETAILS,FLOAT,,PRICEEACH ORDERDETAILS FLOAT,True
entity_133,attribute,entity_128,OC-MYSQL,ORDERLINENUMBER,ORDERDETAILS,NUMBER,,ORDERLINENUMBER ORDERDETAILS NUMBER,True
entity_134,table,entity_94,OC-MYSQL,ORDERS,,,,"ORDERS [ORDERNUMBER, ORDERDATE, REQUIREDDATE, SHIPPEDDATE, STATUS, COMMENTS, CUSTOMERNUMBER]",True
entity_135,attribute,entity_134,OC-MYSQL,ORDERNUMBER,ORDERS,NUMBER,PRIMARY KEY,ORDERNUMBER ORDERS NUMBER PRIMARY KEY,True
entity_136,attribute,entity_134,OC-MYSQL,ORDERDATE,ORDERS,DATE,,ORDERDATE ORDERS DATE,True
entity_137,attribute,entity_134,OC-MYSQL,REQUIREDDATE,ORDERS,DATE,,REQUIREDDATE ORDERS DATE,False
entity_138,attribute,entity_134,OC-MYSQL,SHIPPEDDATE,ORDERS,DATE,,SHIPPEDDATE ORDERS DATE,False
entity_139,attribute,entity_134,OC-MYSQL,STATUS,ORDERS,VARCHAR2,,STATUS ORDERS VARCHAR2,True
entity_140,attribute,entity_134,OC-MYSQL,COMMENTS,ORDERS,VARCHAR2,,COMMENTS ORDERS VARCHAR2,False
entity_141,attribute,entity_134,OC-MYSQL,CUSTOMERNUMBER,ORDERS,NUMBER,FOREIGN KEY,CUSTOMERNUMBER ORDERS NUMBER FOREIGN KEY,True
entity_142,table,entity_94,OC-MYSQL,PAYMENTS,,,,"PAYMENTS [CUSTOMERNUMBER, CHECKNUMBER, PAYMENTDATE, AMOUNT]",False
entity_143,attribute,entity_142,OC-MYSQL,CUSTOMERNUMBER,PAYMENTS,NUMBER,PRIMARY KEY,CUSTOMERNUMBER PAYMENTS NUMBER PRIMARY KEY,False
entity_144,attribute,entity_142,OC-MYSQL,CHECKNUMBER,PAYMENTS,VARCHAR2,PRIMARY KEY,CHECKNUMBER PAYMENTS VARCHAR2 PRIMARY KEY,False
entity_145,attribute,entity_142,OC-MYSQL,PAYMENTDATE,PAYMENTS,DATE,,PAYMENTDATE PAYMENTS DATE,False
entity_146,attribute,entity_142,OC-MYSQL,AMOUNT,PAYMENTS,FLOAT,,AMOUNT PAYMENTS FLOAT,False
entity_147,table,entity_94,OC-MYSQL,PRODUCTLINES,,,,"PRODUCTLINES [PRODUCTLINE, TEXTDESCRIPTION, HTMLDESCRIPTION, IMAGE]",True
entity_148,attribute,entity_147,OC-MYSQL,PRODUCTLINE,PRODUCTLINES,VARCHAR2,PRIMARY KEY,PRODUCTLINE PRODUCTLINES VARCHAR2 PRIMARY KEY,True
entity_149,attribute,entity_147,OC-MYSQL,TEXTDESCRIPTION,PRODUCTLINES,VARCHAR2,,TEXTDESCRIPTION PRODUCTLINES VARCHAR2,True
entity_150,attribute,entity_147,OC-MYSQL,HTMLDESCRIPTION,PRODUCTLINES,VARCHAR2,,HTMLDESCRIPTION PRODUCTLINES VARCHAR2,False
entity_151,attribute,entity_147,OC-MYSQL,IMAGE,PRODUCTLINES,BLOB,,IMAGE PRODUCTLINES BLOB,True
entity_152,table,entity_94,OC-MYSQL,PRODUCTS,,,,"PRODUCTS [PRODUCTCODE, PRODUCTNAME, PRODUCTLINE, PRODUCTSCALE, PRODUCTVENDOR, PRODUCTDESCRIPTION, QUANTITYINSTOCK, BUYPRICE, MSRP]",True
entity_153,attribute,entity_152,OC-MYSQL,PRODUCTCODE,PRODUCTS,VARCHAR2,PRIMARY KEY,PRODUCTCODE PRODUCTS VARCHAR2 PRIMARY KEY,True
entity_154,attribute,entity_152,OC-MYSQL,PRODUCTNAME,PRODUCTS,VARCHAR2,,PRODUCTNAME PRODUCTS VARCHAR2,True
entity_155,attribute,entity_152,OC-MYSQL,PRODUCTLINE,PRODUCTS,VARCHAR2,FOREIGN KEY,PRODUCTLINE PRODUCTS VARCHAR2 FOREIGN KEY,True
entity_156,attribute,entity_152,OC-MYSQL,PRODUCTSCALE,PRODUCTS,VARCHAR2,,PRODUCTSCALE PRODUCTS VARCHAR2,False
entity_157,attribute,entity_152,OC-MYSQL,PRODUCTVENDOR,PRODUCTS,VARCHAR2,,PRODUCTVENDOR PRODUCTS VARCHAR2,False
entity_158,attribute,entity_152,OC-MYSQL,PRODUCTDESCRIPTION,PRODUCTS,VARCHAR2,,PRODUCTDESCRIPTION PRODUCTS VARCHAR2,True
entity_159,attribute,entity_152,OC-MYSQL,QUANTITYINSTOCK,PRODUCTS,NUMBER,,QUANTITYINSTOCK PRODUCTS NUMBER,True
entity_160,attribute,entity_152,OC-MYSQL,BUYPRICE,PRODUCTS,FLOAT,,BUYPRICE PRODUCTS FLOAT,True
entity_161,attribute,entity_152,OC-MYSQL,MSRP,PRODUCTS,FLOAT,,MSRP PRODUCTS FLOAT,False
entity_163,table,entity_162,OC-SAP,CUSTOMER,,,,"CUSTOMER [CUSTOMERID, CITYID, COUNTRYID, REGIONID, CUSTOMER, CITYNAME, COUNTRYNAME, REGIONNAME]",True
entity_164,attribute,entity_163,OC-SAP,CUSTOMERID,CUSTOMER,NUMBER,PRIMARY KEY,CUSTOMERID CUSTOMER NUMBER PRIMARY KEY,True
entity_165,attribute,entity_163,OC-SAP,CITYID,CUSTOMER,NUMBER,FOREIGN KEY,CITYID CUSTOMER NUMBER FOREIGN KEY,False
entity_166,attribute,entity_163,OC-SAP,COUNTRYID,CUSTOMER,NUMBER,FOREIGN KEY,COUNTRYID CUSTOMER NUMBER FOREIGN KEY,False
entity_167,attribute,entity_163,OC-SAP,REGIONID,CUSTOMER,NUMBER,FOREIGN KEY,REGIONID CUSTOMER NUMBER FOREIGN KEY,False
entity_168,attribute,entity_163,OC-SAP,CUSTOMER,CUSTOMER,VARCHAR2,,CUSTOMER CUSTOMER VARCHAR2,True
entity_169,attribute,entity_163,OC-SAP,CITYNAME,CUSTOMER,VARCHAR2,,CITYNAME CUSTOMER VARCHAR2,True
entity_170,attribute,entity_163,OC-SAP,COUNTRYNAME,CUSTOMER,VARCHAR2,,COUNTRYNAME CUSTOMER VARCHAR2,True
entity_171,attribute,entity_163,OC-SAP,REGIONNAME,CUSTOMER,VARCHAR2,,REGIONNAME CUSTOMER VARCHAR2,False
entity_172,table,entity_162,OC-SAP,PRODUCT,,,,"PRODUCT [PRODUCTID, CATEGORYID, LINEID, PRODUCTNAME, PRODUCTDESCRIPTION, CATEGORYNAME, CATEGORYDESCRIPTION, LINENAME, LINEDESCRIPTION, DISCONTINUED, CAPACITY, SCREENSIZE]",True
entity_173,attribute,entity_172,OC-SAP,PRODUCTID,PRODUCT,NUMBER,PRIMARY KEY,PRODUCTID PRODUCT NUMBER PRIMARY KEY,True
entity_174,attribute,entity_172,OC-SAP,CATEGORYID,PRODUCT,NUMBER,FOREIGN KEY,CATEGORYID PRODUCT NUMBER FOREIGN KEY,False
entity_175,attribute,entity_172,OC-SAP,LINEID,PRODUCT,NUMBER,FOREIGN KEY,LINEID PRODUCT NUMBER FOREIGN KEY,True
entity_176,attribute,entity_172,OC-SAP,PRODUCTNAME,PRODUCT,VARCHAR2,,PRODUCTNAME PRODUCT VARCHAR2,True
entity_177,attribute,entity_172,OC-SAP,PRODUCTDESCRIPTION,PRODUCT,VARCHAR2,,PRODUCTDESCRIPTION PRODUCT VARCHAR2,True
entity_178,attribute,entity_172,OC-SAP,CATEGORYNAME,PRODUCT,VARCHAR2,,CATEGORYNAME PRODUCT VARCHAR2,False
entity_179,attribute,entity_172,OC-SAP,CATEGORYDESCRIPTION,PRODUCT,VARCHAR2,,CATEGORYDESCRIPTION PRODUCT VARCHAR2,False
entity_180,attribute,entity_172,OC-SAP,LINENAME,PRODUCT,VARCHAR2,,LINENAME PRODUCT VARCHAR2,True
entity_181,attribute,entity_172,OC-SAP,LINEDESCRIPTION,PRODUCT,VARCHAR2,,LINEDESCRIPTION PRODUCT VARCHAR2,True
entity_182,attribute,entity_172,OC-SAP,DISCONTINUED,PRODUCT,NUMBER,,DISCONTINUED PRODUCT NUMBER,False
entity_183,attribute,entity_172,OC-SAP,CAPACITY,PRODUCT,VARCHAR2,,CAPACITY PRODUCT VARCHAR2,True
entity_184,attribute,entity_172,OC-SAP,SCREENSIZE,PRODUCT,VARCHAR2,,SCREENSIZE PRODUCT VARCHAR2,False
entity_185,table,entity_162,OC-SAP,CUSTOMER_ORDER,,,,"CUSTOMER_ORDER [ORDERID, PRODUCTID, CUSTOMERID, EMPLOYEEID, PROMOTIONID, TERRITORYID, ORDERPERIODID, REQUIREDPERIODID, SHIPPEDPERIODID, SHIPPERID, UNITPRICE, QUANTITY, DISCOUNT, UNITSALES, NETSALES, UNITCOST, FREIGHT, COST, QUANTITYORDERED, DELIVEREDPERIODID]",True
entity_186,attribute,entity_185,OC-SAP,ORDERID,CUSTOMER_ORDER,NUMBER,PRIMARY KEY,ORDERID CUSTOMER_ORDER NUMBER PRIMARY KEY,True
entity_187,attribute,entity_185,OC-SAP,PRODUCTID,CUSTOMER_ORDER,NUMBER,FOREIGN KEY,PRODUCTID CUSTOMER_ORDER NUMBER FOREIGN KEY,False
entity_188,attribute,entity_185,OC-SAP,CUSTOMERID,CUSTOMER_ORDER,NUMBER,FOREIGN KEY,CUSTOMERID CUSTOMER_ORDER NUMBER FOREIGN KEY,True
entity_189,attribute,entity_185,OC-SAP,EMPLOYEEID,CUSTOMER_ORDER,NUMBER,FOREIGN KEY,EMPLOYEEID CUSTOMER_ORDER NUMBER FOREIGN KEY,False
entity_190,attribute,entity_185,OC-SAP,PROMOTIONID,CUSTOMER_ORDER,NUMBER,FOREIGN KEY,PROMOTIONID CUSTOMER_ORDER NUMBER FOREIGN KEY,False
entity_191,attribute,entity_185,OC-SAP,TERRITORYID,CUSTOMER_ORDER,FLOAT,FOREIGN KEY,TERRITORYID CUSTOMER_ORDER FLOAT FOREIGN KEY,False
entity_192,attribute,entity_185,OC-SAP,ORDERPERIODID,CUSTOMER_ORDER,NUMBER,FOREIGN KEY,ORDERPERIODID CUSTOMER_ORDER NUMBER FOREIGN KEY,False
entity_193,attribute,entity_185,OC-SAP,REQUIREDPERIODID,CUSTOMER_ORDER,NUMBER,FOREIGN KEY,REQUIREDPERIODID CUSTOMER_ORDER NUMBER FOREIGN KEY,False
entity_194,attribute,entity_185,OC-SAP,SHIPPEDPERIODID,CUSTOMER_ORDER,NUMBER,FOREIGN KEY,SHIPPEDPERIODID CUSTOMER_ORDER NUMBER FOREIGN KEY,False
entity_195,attribute,entity_185,OC-SAP,SHIPPERID,CUSTOMER_ORDER,FLOAT,FOREIGN KEY,SHIPPERID CUSTOMER_ORDER FLOAT FOREIGN KEY,False
entity_196,attribute,entity_185,OC-SAP,UNITPRICE,CUSTOMER_ORDER,NUMBER,,UNITPRICE CUSTOMER_ORDER NUMBER,False
entity_197,attribute,entity_185,OC-SAP,QUANTITY,CUSTOMER_ORDER,NUMBER,,QUANTITY CUSTOMER_ORDER NUMBER,False
entity_198,attribute,entity_185,OC-SAP,DISCOUNT,CUSTOMER_ORDER,NUMBER,,DISCOUNT CUSTOMER_ORDER NUMBER,False
entity_199,attribute,entity_185,OC-SAP,UNITSALES,CUSTOMER_ORDER,NUMBER,,UNITSALES CUSTOMER_ORDER NUMBER,False
entity_200,attribute,entity_185,OC-SAP,NETSALES,CUSTOMER_ORDER,FLOAT,,NETSALES CUSTOMER_ORDER FLOAT,False
entity_201,attribute,entity_185,OC-SAP,UNITCOST,CUSTOMER_ORDER,NUMBER,,UNITCOST CUSTOMER_ORDER NUMBER,True
entity_202,attribute,entity_185,OC-SAP,FREIGHT,CUSTOMER_ORDER,FLOAT,,FREIGHT CUSTOMER_ORDER FLOAT,False
entity_203,attribute,entity_185,OC-SAP,COST,CUSTOMER_ORDER,NUMBER,,COST CUSTOMER_ORDER NUMBER,False
entity_204,attribute,entity_185,OC-SAP,QUANTITYORDERED,CUSTOMER_ORDER,NUMBER,,QUANTITYORDERED CUSTOMER_ORDER NUMBER,True
entity_205,attribute,entity_185,OC-SAP,DELIVEREDPERIODID,CUSTOMER_ORDER,NUMBER,FOREIGN KEY,DELIVEREDPERIODID CUSTOMER_ORDER NUMBER FOREIGN KEY,False
entity_243,table,entity_242,FORMULA,CHAMPIONSHIPSYSTEM,,,,"CHAMPIONSHIPSYSTEM [ID, REFERENCE, NAME, ELIGIBILITY, DRIVER_SEASON_SPLIT, DRIVER_BEST_RESULTS, TEAM_SEASON_SPLIT, TEAM_BEST_RESULTS]",False
entity_244,attribute,entity_243,FORMULA,ID,CHAMPIONSHIPSYSTEM,NUMBER,PRIMARY KEY,ID CHAMPIONSHIPSYSTEM NUMBER PRIMARY KEY,False
entity_245,attribute,entity_243,FORMULA,REFERENCE,CHAMPIONSHIPSYSTEM,VARCHAR2,,REFERENCE CHAMPIONSHIPSYSTEM VARCHAR2,False
entity_246,attribute,entity_243,FORMULA,NAME,CHAMPIONSHIPSYSTEM,VARCHAR2,,NAME CHAMPIONSHIPSYSTEM VARCHAR2,False
entity_247,attribute,entity_243,FORMULA,ELIGIBILITY,CHAMPIONSHIPSYSTEM,NUMBER,,ELIGIBILITY CHAMPIONSHIPSYSTEM NUMBER,False
entity_248,attribute,entity_243,FORMULA,DRIVER_SEASON_SPLIT,CHAMPIONSHIPSYSTEM,NUMBER,,DRIVER_SEASON_SPLIT CHAMPIONSHIPSYSTEM NUMBER,False
entity_249,attribute,entity_243,FORMULA,DRIVER_BEST_RESULTS,CHAMPIONSHIPSYSTEM,NUMBER,,DRIVER_BEST_RESULTS CHAMPIONSHIPSYSTEM NUMBER,False
entity_250,attribute,entity_243,FORMULA,TEAM_SEASON_SPLIT,CHAMPIONSHIPSYSTEM,NUMBER,,TEAM_SEASON_SPLIT CHAMPIONSHIPSYSTEM NUMBER,False
entity_251,attribute,entity_243,FORMULA,TEAM_BEST_RESULTS,CHAMPIONSHIPSYSTEM,NUMBER,,TEAM_BEST_RESULTS CHAMPIONSHIPSYSTEM NUMBER,False
entity_252,table,entity_242,FORMULA,BASETEAM,,,,"BASETEAM [ID, NAME]",False
entity_253,attribute,entity_252,FORMULA,ID,BASETEAM,NUMBER,PRIMARY KEY,ID BASETEAM NUMBER PRIMARY KEY,False
entity_254,attribute,entity_252,FORMULA,NAME,BASETEAM,VARCHAR2,,NAME BASETEAM VARCHAR2,False
entity_255,table,entity_242,FORMULA,TEAM,,,,"TEAM [ID, BASE_TEAM, REFERENCE, NAME, NATIONALITY, WIKIPEDIA]",False
entity_256,attribute,entity_255,FORMULA,ID,TEAM,NUMBER,PRIMARY KEY,ID TEAM NUMBER PRIMARY KEY,False
entity_257,attribute,entity_255,FORMULA,BASE_TEAM,TEAM,NUMBER,FOREIGN KEY,BASE_TEAM TEAM NUMBER FOREIGN KEY,False
entity_258,attribute,entity_255,FORMULA,REFERENCE,TEAM,VARCHAR2,,REFERENCE TEAM VARCHAR2,False
entity_259,attribute,entity_255,FORMULA,NAME,TEAM,VARCHAR2,,NAME TEAM VARCHAR2,False
entity_260,attribute,entity_255,FORMULA,NATIONALITY,TEAM,VARCHAR2,,NATIONALITY TEAM VARCHAR2,False
entity_261,attribute,entity_255,FORMULA,WIKIPEDIA,TEAM,VARCHAR2,,WIKIPEDIA TEAM VARCHAR2,False
entity_262,table,entity_242,FORMULA,DRIVER,,,,"DRIVER [ID, REFERENCE, FORENAME, SURNAME, ABBREVIATION, NATIONALITY, PERMANENT_CAR_NUMBER, DATE_OF_BIRTH, WIKIPEDIA]",False
entity_263,attribute,entity_262,FORMULA,ID,DRIVER,NUMBER,PRIMARY KEY,ID DRIVER NUMBER PRIMARY KEY,False
entity_264,attribute,entity_262,FORMULA,REFERENCE,DRIVER,VARCHAR2,,REFERENCE DRIVER VARCHAR2,False
entity_265,attribute,entity_262,FORMULA,FORENAME,DRIVER,VARCHAR2,,FORENAME DRIVER VARCHAR2,False
entity_266,attribute,entity_262,FORMULA,SURNAME,DRIVER,VARCHAR2,,SURNAME DRIVER VARCHAR2,False
entity_267,attribute,entity_262,FORMULA,ABBREVIATION,DRIVER,VARCHAR2,,ABBREVIATION DRIVER VARCHAR2,False
entity_268,attribute,entity_262,FORMULA,NATIONALITY,DRIVER,VARCHAR2,,NATIONALITY DRIVER VARCHAR2,False
entity_269,attribute,entity_262,FORMULA,PERMANENT_CAR_NUMBER,DRIVER,NUMBER,,PERMANENT_CAR_NUMBER DRIVER NUMBER,False
entity_270,attribute,entity_262,FORMULA,DATE_OF_BIRTH,DRIVER,DATE,,DATE_OF_BIRTH DRIVER DATE,False
entity_271,attribute,entity_262,FORMULA,WIKIPEDIA,DRIVER,VARCHAR2,,WIKIPEDIA DRIVER VARCHAR2,False
entity_272,table,entity_242,FORMULA,SEASON,,,,"SEASON [ID, CHAMPIONSHIP_SYSTEM, YEAR, WIKIPEDIA]",False
entity_273,attribute,entity_272,FORMULA,ID,SEASON,NUMBER,PRIMARY KEY,ID SEASON NUMBER PRIMARY KEY,False
entity_274,attribute,entity_272,FORMULA,CHAMPIONSHIP_SYSTEM,SEASON,NUMBER,,CHAMPIONSHIP_SYSTEM SEASON NUMBER,False
entity_275,attribute,entity_272,FORMULA,YEAR,SEASON,NUMBER,,YEAR SEASON NUMBER,False
entity_276,attribute,entity_272,FORMULA,WIKIPEDIA,SEASON,VARCHAR2,,WIKIPEDIA SEASON VARCHAR2,False
entity_277,table,entity_242,FORMULA,CIRCUIT,,,,"CIRCUIT [ID, REFERENCE, NAME, LOCALITY, COUNTRY, LOCATION, ALTITUDE, WIKIPEDIA]",False
entity_278,attribute,entity_277,FORMULA,ID,CIRCUIT,NUMBER,PRIMARY KEY,ID CIRCUIT NUMBER PRIMARY KEY,False
entity_279,attribute,entity_277,FORMULA,REFERENCE,CIRCUIT,VARCHAR2,,REFERENCE CIRCUIT VARCHAR2,False
entity_280,attribute,entity_277,FORMULA,NAME,CIRCUIT,VARCHAR2,,NAME CIRCUIT VARCHAR2,False
entity_281,attribute,entity_277,FORMULA,LOCALITY,CIRCUIT,VARCHAR2,,LOCALITY CIRCUIT VARCHAR2,False
entity_282,attribute,entity_277,FORMULA,COUNTRY,CIRCUIT,VARCHAR2,,COUNTRY CIRCUIT VARCHAR2,False
entity_283,attribute,entity_277,FORMULA,LOCATION,CIRCUIT,VARCHAR2,,LOCATION CIRCUIT VARCHAR2,False
entity_284,attribute,entity_277,FORMULA,ALTITUDE,CIRCUIT,FLOAT,,ALTITUDE CIRCUIT FLOAT,False
entity_285,attribute,entity_277,FORMULA,WIKIPEDIA,CIRCUIT,VARCHAR2,,WIKIPEDIA CIRCUIT VARCHAR2,False
entity_286,table,entity_242,FORMULA,TEAMDRIVER,,,,"TEAMDRIVER [ID, TEAM, DRIVER, SEASON, ROLE]",False
entity_287,attribute,entity_286,FORMULA,ID,TEAMDRIVER,NUMBER,PRIMARY KEY,ID TEAMDRIVER NUMBER PRIMARY KEY,False
entity_288,attribute,entity_286,FORMULA,TEAM,TEAMDRIVER,NUMBER,FOREIGN KEY,TEAM TEAMDRIVER NUMBER FOREIGN KEY,False
entity_289,attribute,entity_286,FORMULA,DRIVER,TEAMDRIVER,NUMBER,FOREIGN KEY,DRIVER TEAMDRIVER NUMBER FOREIGN KEY,False
entity_290,attribute,entity_286,FORMULA,SEASON,TEAMDRIVER,NUMBER,FOREIGN KEY,SEASON TEAMDRIVER NUMBER FOREIGN KEY,False
entity_291,attribute,entity_286,FORMULA,ROLE,TEAMDRIVER,NUMBER,,ROLE TEAMDRIVER NUMBER,False
entity_292,table,entity_242,FORMULA,ROUND,,,,"ROUND [ID, SEASON, ROUND_NUMBER, ROUND_NAME, ROUND_DATE, RACE_NUMBER, WIKIPEDIA, IS_CANCELLED]",False
entity_293,attribute,entity_292,FORMULA,ID,ROUND,NUMBER,PRIMARY KEY,ID ROUND NUMBER PRIMARY KEY,False
entity_294,attribute,entity_292,FORMULA,SEASON,ROUND,NUMBER,FOREIGN KEY,SEASON ROUND NUMBER FOREIGN KEY,False
entity_295,attribute,entity_292,FORMULA,ROUND_NUMBER,ROUND,NUMBER,,ROUND_NUMBER ROUND NUMBER,False
entity_296,attribute,entity_292,FORMULA,ROUND_NAME,ROUND,VARCHAR2,,ROUND_NAME ROUND VARCHAR2,False
entity_297,attribute,entity_292,FORMULA,ROUND_DATE,ROUND,DATE,,ROUND_DATE ROUND DATE,False
entity_298,attribute,entity_292,FORMULA,RACE_NUMBER,ROUND,NUMBER,,RACE_NUMBER ROUND NUMBER,False
entity_299,attribute,entity_292,FORMULA,WIKIPEDIA,ROUND,VARCHAR2,,WIKIPEDIA ROUND VARCHAR2,False
entity_300,attribute,entity_292,FORMULA,IS_CANCELLED,ROUND,CHAR,,IS_CANCELLED ROUND CHAR,False
entity_301,table,entity_242,FORMULA,ROUNDENTRY,,,,"ROUNDENTRY [ID, TEAM_DRIVER, ROUND, CAR_NUMBER]",False
entity_302,attribute,entity_301,FORMULA,ID,ROUNDENTRY,NUMBER,PRIMARY KEY,ID ROUNDENTRY NUMBER PRIMARY KEY,False
entity_303,attribute,entity_301,FORMULA,TEAM_DRIVER,ROUNDENTRY,NUMBER,FOREIGN KEY,TEAM_DRIVER ROUNDENTRY NUMBER FOREIGN KEY,False
entity_304,attribute,entity_301,FORMULA,ROUND,ROUNDENTRY,NUMBER,FOREIGN KEY,ROUND ROUNDENTRY NUMBER FOREIGN KEY,False
entity_305,attribute,entity_301,FORMULA,CAR_NUMBER,ROUNDENTRY,NUMBER,,CAR_NUMBER ROUNDENTRY NUMBER,False
entity_306,table,entity_242,FORMULA,POINTSYSTEM,,,,"POINTSYSTEM [ID, REFERENCE, NAME, DRIVER_POSITION_POINTS, TEAM_POSITION_POINTS, TEAM_FASTEST_LAP, PARTIAL, SHARED_DRIVE, IS_DOUBLE_POINTS]",False
entity_307,attribute,entity_306,FORMULA,ID,POINTSYSTEM,NUMBER,PRIMARY KEY,ID POINTSYSTEM NUMBER PRIMARY KEY,False
entity_308,attribute,entity_306,FORMULA,REFERENCE,POINTSYSTEM,VARCHAR2,,REFERENCE POINTSYSTEM VARCHAR2,False
entity_309,attribute,entity_306,FORMULA,NAME,POINTSYSTEM,VARCHAR2,,NAME POINTSYSTEM VARCHAR2,False
entity_310,attribute,entity_306,FORMULA,DRIVER_POSITION_POINTS,POINTSYSTEM,NUMBER,,DRIVER_POSITION_POINTS POINTSYSTEM NUMBER,False
entity_311,attribute,entity_306,FORMULA,TEAM_POSITION_POINTS,POINTSYSTEM,NUMBER,,TEAM_POSITION_POINTS POINTSYSTEM NUMBER,False
entity_312,attribute,entity_306,FORMULA,TEAM_FASTEST_LAP,POINTSYSTEM,NUMBER,,TEAM_FASTEST_LAP POINTSYSTEM NUMBER,False
entity_313,attribute,entity_306,FORMULA,PARTIAL,POINTSYSTEM,CHAR,,PARTIAL POINTSYSTEM CHAR,False
entity_314,attribute,entity_306,FORMULA,SHARED_DRIVE,POINTSYSTEM,CHAR,,SHARED_DRIVE POINTSYSTEM CHAR,False
entity_315,attribute,entity_306,FORMULA,IS_DOUBLE_POINTS,POINTSYSTEM,CHAR,,IS_DOUBLE_POINTS POINTSYSTEM CHAR,False
entity_316,table,entity_242,FORMULA,SESSIONS,,,,"SESSIONS [ID, ROUND, SESSION_NUMBER, POINT_SYSTEM, SESSION_TYPE, SESSION_DATE, SESSION_TIME, SCHEDULED_LAPS, IS_CANCELLED]",False
entity_317,attribute,entity_316,FORMULA,ID,SESSIONS,NUMBER,PRIMARY KEY,ID SESSIONS NUMBER PRIMARY KEY,False
entity_318,attribute,entity_316,FORMULA,ROUND,SESSIONS,NUMBER,FOREIGN KEY,ROUND SESSIONS NUMBER FOREIGN KEY,False
entity_319,attribute,entity_316,FORMULA,SESSION_NUMBER,SESSIONS,NUMBER,,SESSION_NUMBER SESSIONS NUMBER,False
entity_320,attribute,entity_316,FORMULA,POINT_SYSTEM,SESSIONS,NUMBER,FOREIGN KEY,POINT_SYSTEM SESSIONS NUMBER FOREIGN KEY,False
entity_321,attribute,entity_316,FORMULA,SESSION_TYPE,SESSIONS,VARCHAR2,,SESSION_TYPE SESSIONS VARCHAR2,False
entity_322,attribute,entity_316,FORMULA,SESSION_DATE,SESSIONS,DATE,,SESSION_DATE SESSIONS DATE,False
entity_323,attribute,entity_316,FORMULA,SESSION_TIME,SESSIONS,TIMESTAMP,,SESSION_TIME SESSIONS TIMESTAMP,False
entity_324,attribute,entity_316,FORMULA,SCHEDULED_LAPS,SESSIONS,NUMBER,,SCHEDULED_LAPS SESSIONS NUMBER,False
entity_325,attribute,entity_316,FORMULA,IS_CANCELLED,SESSIONS,CHAR,,IS_CANCELLED SESSIONS CHAR,False
entity_326,table,entity_242,FORMULA,LAP,,,,"LAP [ID, SESSION_ENTRY, LAP_NUMBER, POSITION, TIME, AVERAGE_SPEED]",False
entity_327,attribute,entity_326,FORMULA,ID,LAP,NUMBER,PRIMARY KEY,ID LAP NUMBER PRIMARY KEY,False
entity_328,attribute,entity_326,FORMULA,SESSION_ENTRY,LAP,NUMBER,,SESSION_ENTRY LAP NUMBER,False
entity_329,attribute,entity_326,FORMULA,LAP_NUMBER,LAP,NUMBER,,LAP_NUMBER LAP NUMBER,False
entity_330,attribute,entity_326,FORMULA,POSITION,LAP,NUMBER,,POSITION LAP NUMBER,False
entity_331,attribute,entity_326,FORMULA,TIME,LAP,INTERVAL,,TIME LAP INTERVAL,False
entity_332,attribute,entity_326,FORMULA,AVERAGE_SPEED,LAP,FLOAT,,AVERAGE_SPEED LAP FLOAT,False
entity_333,table,entity_242,FORMULA,SESSIONENTRY,,,,"SESSIONENTRY [ID, ROUND_ENTRY, SESSION_ENTRY_SESSION, FASTEST_LAP, POSITION, IS_CLASSIFIED, SESSION_ENTRY_STATUS, POINTS, DETAIL, IS_ELIGIBLE_FOR_POINTS, GRID, SESSION_ENTRY_TIME, FASTEST_LAP_RANK, LAPS_COMPLETED]",False
entity_334,attribute,entity_333,FORMULA,ID,SESSIONENTRY,NUMBER,PRIMARY KEY,ID SESSIONENTRY NUMBER PRIMARY KEY,False
entity_335,attribute,entity_333,FORMULA,ROUND_ENTRY,SESSIONENTRY,NUMBER,FOREIGN KEY,ROUND_ENTRY SESSIONENTRY NUMBER FOREIGN KEY,False
entity_336,attribute,entity_333,FORMULA,SESSION_ENTRY_SESSION,SESSIONENTRY,NUMBER,FOREIGN KEY,SESSION_ENTRY_SESSION SESSIONENTRY NUMBER FOREIGN KEY,False
entity_337,attribute,entity_333,FORMULA,FASTEST_LAP,SESSIONENTRY,NUMBER,FOREIGN KEY,FASTEST_LAP SESSIONENTRY NUMBER FOREIGN KEY,False
entity_338,attribute,entity_333,FORMULA,POSITION,SESSIONENTRY,NUMBER,,POSITION SESSIONENTRY NUMBER,False
entity_339,attribute,entity_333,FORMULA,IS_CLASSIFIED,SESSIONENTRY,CHAR,,IS_CLASSIFIED SESSIONENTRY CHAR,False
entity_340,attribute,entity_333,FORMULA,SESSION_ENTRY_STATUS,SESSIONENTRY,NUMBER,,SESSION_ENTRY_STATUS SESSIONENTRY NUMBER,False
entity_341,attribute,entity_333,FORMULA,POINTS,SESSIONENTRY,FLOAT,,POINTS SESSIONENTRY FLOAT,False
entity_342,attribute,entity_333,FORMULA,DETAIL,SESSIONENTRY,VARCHAR2,,DETAIL SESSIONENTRY VARCHAR2,False
entity_343,attribute,entity_333,FORMULA,IS_ELIGIBLE_FOR_POINTS,SESSIONENTRY,CHAR,,IS_ELIGIBLE_FOR_POINTS SESSIONENTRY CHAR,False
entity_344,attribute,entity_333,FORMULA,GRID,SESSIONENTRY,NUMBER,,GRID SESSIONENTRY NUMBER,False
entity_345,attribute,entity_333,FORMULA,SESSION_ENTRY_TIME,SESSIONENTRY,INTERVAL,,SESSION_ENTRY_TIME SESSIONENTRY INTERVAL,False
entity_346,attribute,entity_333,FORMULA,FASTEST_LAP_RANK,SESSIONENTRY,NUMBER,,FASTEST_LAP_RANK SESSIONENTRY NUMBER,False
entity_347,attribute,entity_333,FORMULA,LAPS_COMPLETED,SESSIONENTRY,NUMBER,,LAPS_COMPLETED SESSIONENTRY NUMBER,False
entity_348,table,entity_242,FORMULA,PENALTY,,,,"PENALTY [ID, EARNED, SERVED, LICENSE_POINTS, POSITION, TIME, IS_TIME_SERVED_IN_PIT]",False
entity_349,attribute,entity_348,FORMULA,ID,PENALTY,NUMBER,PRIMARY KEY,ID PENALTY NUMBER PRIMARY KEY,False
entity_350,attribute,entity_348,FORMULA,EARNED,PENALTY,NUMBER,FOREIGN KEY,EARNED PENALTY NUMBER FOREIGN KEY,False
entity_351,attribute,entity_348,FORMULA,SERVED,PENALTY,NUMBER,FOREIGN KEY,SERVED PENALTY NUMBER FOREIGN KEY,False
entity_352,attribute,entity_348,FORMULA,LICENSE_POINTS,PENALTY,NUMBER,,LICENSE_POINTS PENALTY NUMBER,False
entity_353,attribute,entity_348,FORMULA,POSITION,PENALTY,NUMBER,,POSITION PENALTY NUMBER,False
entity_354,attribute,entity_348,FORMULA,TIME,PENALTY,INTERVAL,,TIME PENALTY INTERVAL,False
entity_355,attribute,entity_348,FORMULA,IS_TIME_SERVED_IN_PIT,PENALTY,CHAR,,IS_TIME_SERVED_IN_PIT PENALTY CHAR,False
entity_356,table,entity_242,FORMULA,PITSTOP,,,,"PITSTOP [ID, SESSION_ENTRY, LAP, PIT_STOP_NUMBER, DURATION, LOCAL_TIMESTAMP]",False
entity_357,attribute,entity_356,FORMULA,ID,PITSTOP,NUMBER,PRIMARY KEY,ID PITSTOP NUMBER PRIMARY KEY,False
entity_358,attribute,entity_356,FORMULA,SESSION_ENTRY,PITSTOP,NUMBER,FOREIGN KEY,SESSION_ENTRY PITSTOP NUMBER FOREIGN KEY,False
entity_359,attribute,entity_356,FORMULA,LAP,PITSTOP,NUMBER,,LAP PITSTOP NUMBER,False
entity_360,attribute,entity_356,FORMULA,PIT_STOP_NUMBER,PITSTOP,NUMBER,,PIT_STOP_NUMBER PITSTOP NUMBER,False
entity_361,attribute,entity_356,FORMULA,DURATION,PITSTOP,INTERVAL,,DURATION PITSTOP INTERVAL,False
entity_362,attribute,entity_356,FORMULA,LOCAL_TIMESTAMP,PITSTOP,VARCHAR2,,LOCAL_TIMESTAMP PITSTOP VARCHAR2,False
entity_363,table,entity_242,FORMULA,CHAMPIONSHIPADJUSTMENT,,,,"CHAMPIONSHIPADJUSTMENT [ID, SEASON, DRIVER, TEAM, ADJUSTMENT, POINTS]",False
entity_364,attribute,entity_363,FORMULA,ID,CHAMPIONSHIPADJUSTMENT,NUMBER,PRIMARY KEY,ID CHAMPIONSHIPADJUSTMENT NUMBER PRIMARY KEY,False
entity_365,attribute,entity_363,FORMULA,SEASON,CHAMPIONSHIPADJUSTMENT,NUMBER,FOREIGN KEY,SEASON CHAMPIONSHIPADJUSTMENT NUMBER FOREIGN KEY,False
entity_366,attribute,entity_363,FORMULA,DRIVER,CHAMPIONSHIPADJUSTMENT,NUMBER,FOREIGN KEY,DRIVER CHAMPIONSHIPADJUSTMENT NUMBER FOREIGN KEY,False
entity_367,attribute,entity_363,FORMULA,TEAM,CHAMPIONSHIPADJUSTMENT,NUMBER,FOREIGN KEY,TEAM CHAMPIONSHIPADJUSTMENT NUMBER FOREIGN KEY,False
entity_368,attribute,entity_363,FORMULA,ADJUSTMENT,CHAMPIONSHIPADJUSTMENT,NUMBER,,ADJUSTMENT CHAMPIONSHIPADJUSTMENT NUMBER,False
entity_369,attribute,entity_363,FORMULA,POINTS,CHAMPIONSHIPADJUSTMENT,FLOAT,,POINTS CHAMPIONSHIPADJUSTMENT FLOAT,False
